{"cameraMode":{"drawMode":0,"name":"Shaded","section":"Shading Mode"},"sceneLighting":true,"audioPlay":false,"sceneViewState":{"m_AlwaysRefresh":false,"showFog":true,"showSkybox":true,"showFlares":true,"showImageEffects":true,"showParticleSystems":true,"showVisualEffectGraphs":true,"m_FxEnabled":true},"in2DMode":false,"pivot":{"x":166.31483459472657,"y":-106.46285247802735,"z":-73.31890106201172},"rotation":{"x":-0.14373210072517396,"y":-0.8091671466827393,"z":0.22160165011882783,"w":-0.5248265266418457},"size":129.82870483398438,"orthographic":false}